<?xml version="1.0" encoding="utf-8"?>
<License>
  <Id>4f0ddf60-288a-4fe2-8b6b-3ca23ed78324</Id>
  <ProductName>Mail.dll</ProductName>
  <SubscriptionUntil>2025-07-10</SubscriptionUntil>
  <RegisteredTo>JORGE ALFARO</RegisteredTo>
  <LicenseType>single developer</LicenseType>
  <BuyerName>BAKAPP</BuyerName>
  <Signature xmlns="http://www.w3.org/2000/09/xmldsig#">
    <SignedInfo>
      <CanonicalizationMethod Algorithm="http://www.w3.org/TR/2001/REC-xml-c14n-20010315" />
      <SignatureMethod Algorithm="http://www.w3.org/2000/09/xmldsig#rsa-sha1" />
      <Reference URI="">
        <Transforms>
          <Transform Algorithm="http://www.w3.org/2000/09/xmldsig#enveloped-signature" />
        </Transforms>
        <DigestMethod Algorithm="http://www.w3.org/2000/09/xmldsig#sha1" />
        <DigestValue>jGZ1iWUYHJTaBq3BDIQMKLu7qNU=</DigestValue>
      </Reference>
    </SignedInfo>
    <SignatureValue>PK/kUmtbWB8RZcM15vRpja0yFv2DDQ+HSw1rrxEWmueXFRkc7yHRwhyrALuk2ZSP0wDujQbg4Sk52OlKBXUMHy8+Q+ilEMT/uC9kXhYpFuwChbNo2mSfYNLZ26axUsvUVmi0JywZDSCUuDDLKt64BDUYHxBsSqLJpVJTAZZycz8=</SignatureValue>
  </Signature>
</License>